<?xml version="1.0" encoding="UTF-8" standalone="yes"?>
<addon id="service.subtitles.wizdom" name="Wizdom Subs" version="3.0.1" provider-name="Wizdom">
  <requires>
    <import addon="xbmc.python" version="3.0.0"/>
	<import addon="script.module.requests"/>
  </requires>
  <extension point="xbmc.subtitle.module" library="service.py"/>
  <extension point="xbmc.addon.metadata">
    <summary lang="en">Wizdom Subs</summary>
    <description lang="en">Wizdom Subs. Be smart use subs!  &#xA;Visit us at http://wizdom.xyz</description>
    <language>en</language>
    <license>GNU GENERAL PUBLIC LICENSE. Version 2, June 1991</license>
  </extension>
</addon>
